player_id,player_name,age,position_group,league_name,tier,value_at_as_of,minutes_played,performance_score,trajectory_score,availability_score,composite_score,confidence,has_xg,value_after,value_after_date,last_valuation,dropped_out,value_growth,value_delta_eur,doubled,horizon_end,value_bucket
985441,Ilya Ishkov,18.60369609856263,Midfield,Russian Premier Liga,2,400000,1142.0,56.9,89.1,70.6,70.9,medium,False,800000,2024-06-04,2024-06-04,False,1.0,400000,True,2026-01-01,<0.5M
810093,Ayman Kari,19.11567419575633,Midfield,Ligue 1,1,900000,902.0,47.3,98.7,70.6,70.0,medium,False,4000000,2024-06-03,2024-06-03,False,3.4444444444444446,3100000,True,2026-01-01,0.5-1M
815652,Tiago Morais,20.32854209445585,Attack,Liga Portugal,2,2000000,1428.0,62.3,97.1,34.9,69.0,medium,False,2500000,2025-12-18,2026-05-28,False,0.25,500000,False,2026-01-01,1-2M
982575,Gustavo Sá,19.137577002053387,Midfield,Liga Portugal,2,3000000,1863.0,75.7,98.7,0.6,68.7,medium,False,16000000,2025-12-18,2026-05-28,False,4.333333333333333,13000000,True,2026-01-01,2-4M
530742,Fisayo Dele-Bashiru,22.899383983572896,Midfield,Super Lig,2,2000000,3043.0,82.8,86.7,2.6,68.1,medium,False,6500000,2025-12-23,2026-05-29,False,2.25,4500000,True,2026-01-01,1-2M
720287,Danila Kozlov,18.94866529774127,Midfield,Russian Premier Liga,2,150000,787.0,73.1,98.8,0.6,67.6,medium,False,3500000,2025-12-16,2026-05-26,False,22.333333333333332,3350000,True,2026-01-01,<0.5M
433105,Dal Varesanovic,22.60917180013689,Midfield,Super Lig,2,2200000,2103.0,82.6,80.8,10.7,67.6,medium,False,2000000,2025-12-17,2026-05-21,False,-0.09090909090909094,-200000,False,2026-01-01,2-4M
795280,Tymur Korablin,21.9958932238193,Midfield,Ukrainian Premier League,3,200000,1515.0,62.4,88.7,40.0,67.1,medium,False,300000,2025-12-18,2025-12-18,False,0.5,100000,False,2026-01-01,<0.5M
591363,Daan Rots,22.43668720054757,Attack,Eredivisie,2,3000000,2595.0,73.8,89.9,10.7,66.8,medium,False,2500000,2025-12-02,2026-05-28,False,-0.16666666666666663,-500000,False,2026-01-01,2-4M
936825,Ilya Kvasnytsya,20.78576317590691,Attack,Ukrainian Premier League,3,1200000,1833.0,72.4,96.1,2.6,66.7,medium,False,1800000,2025-12-18,2026-06-02,False,0.5,600000,False,2026-01-01,1-2M
631821,Vladyslav Vanat,21.99041752224504,Attack,Ukrainian Premier League,3,3000000,2195.0,84.0,82.1,0.1,66.6,medium,False,15000000,2025-12-12,2026-06-05,False,4.0,12000000,True,2026-01-01,2-4M
668606,Yuito Suzuki,22.184804928131417,Attack,Danish Superliga,3,900000,682.0,61.3,86.9,40.0,66.0,medium,False,15000000,2025-12-19,2026-05-27,False,15.666666666666668,14100000,True,2026-01-01,0.5-1M
875334,Semih Kılıçsoy,18.379192334017795,Attack,Super Lig,2,550000,1687.0,75.2,89.2,2.6,65.6,medium,False,10000000,2025-12-23,2026-05-29,False,17.181818181818183,9450000,True,2026-01-01,0.5-1M
633753,Alex Lowry,20.525667351129364,Midfield,Scottish Premiership,3,350000,731.0,39.2,94.7,73.1,65.4,medium,False,350000,2024-05-30,2024-05-30,False,0.0,0,False,2026-01-01,<0.5M
662338,Miguel Silveira,20.76933607118412,Midfield,Russian Premier Liga,2,1500000,725.0,73.1,81.2,20.2,65.4,medium,False,1200000,2024-06-04,2024-06-04,False,-0.19999999999999996,-300000,False,2026-01-01,1-2M
657957,Jakob Breum,20.123203285420946,Midfield,Eredivisie,2,650000,1450.0,68.6,96.3,0.1,64.6,medium,False,4500000,2025-12-02,2026-05-28,False,5.923076923076923,3850000,True,2026-01-01,0.5-1M
754037,Abbosbek Fayzullaev,20.246406570841888,Attack,Russian Premier Liga,2,4000000,1627.0,76.4,85.3,0.1,64.3,medium,False,7000000,2025-12-17,2026-05-21,False,0.75,3000000,False,2026-01-01,2-4M
892054,Emil Mustafayev,22.269678302532512,Midfield,Ukrainian Premier League,3,400000,1003.0,68.6,74.9,34.9,64.1,medium,False,350000,2025-12-23,2025-12-23,False,-0.125,-50000,False,2026-01-01,<0.5M
723621,Denys Kuzyk,21.286789869952088,Midfield,Ukrainian Premier League,3,500000,1688.0,73.8,86.0,2.6,63.8,medium,False,1500000,2025-12-18,2026-06-02,False,2.0,1000000,True,2026-01-01,<0.5M
618898,Erencan Yardımcı,21.905544147843944,Attack,Super Lig,2,1400000,1397.0,54.0,92.5,34.9,63.7,medium,False,2000000,2025-12-16,2025-12-16,False,0.4285714285714286,600000,False,2026-01-01,1-2M
728864,Lequincio Zeefuik,19.096509240246405,Attack,Eredivisie,2,500000,824.0,58.9,98.7,10.7,63.2,medium,False,850000,2025-12-02,2026-05-28,False,0.7,350000,False,2026-01-01,<0.5M
572919,Mohamed Sankoh,20.210814510609172,Attack,Eredivisie,2,700000,1080.0,49.6,76.3,70.6,63.1,medium,False,700000,2024-05-31,2024-05-31,False,0.0,0,False,2026-01-01,0.5-1M
655012,Lucas Stassin,19.08829568788501,Attack,Pro League,2,1500000,860.0,62.0,98.7,2.6,63.0,medium,False,15000000,2025-12-11,2025-12-11,False,9.0,13500000,True,2026-01-01,1-2M
514895,Alexander Lind,21.516769336071185,Attack,Danish Superliga,3,2000000,1257.0,66.6,94.0,0.1,62.9,medium,False,6000000,2025-12-15,2026-05-25,False,2.0,4000000,True,2026-01-01,1-2M
931102,David Watson,18.882956878850102,Midfield,Scottish Premiership,3,250000,2087.0,62.4,98.9,0.6,62.8,medium,False,1800000,2025-12-10,2026-05-20,False,6.2,1550000,True,2026-01-01,<0.5M
485587,Dirk Proper,21.8507871321013,Midfield,Eredivisie,2,3000000,2305.0,76.3,75.2,10.7,62.8,medium,False,2300000,2025-12-02,2026-05-28,False,-0.23333333333333328,-700000,False,2026-01-01,2-4M
505675,Rober González,22.978781656399725,Attack,Eredivisie,2,1500000,1381.0,66.0,71.7,40.0,62.8,medium,False,2500000,2024-05-31,2024-05-31,False,0.6666666666666667,1000000,False,2026-01-01,1-2M
795274,Mayckel Lahdo,21.00479123887748,Attack,Eredivisie,2,3000000,774.0,66.4,87.1,10.7,62.5,medium,False,3000000,2025-12-15,2026-05-25,False,0.0,0,False,2026-01-01,2-4M
593415,Rami Al Hajj,22.288843258042437,Midfield,Danish Superliga,3,800000,1754.0,67.8,90.7,0.6,62.4,medium,False,700000,2025-12-15,2026-05-25,False,-0.125,-100000,False,2026-01-01,0.5-1M
669306,Volodymyr Brazhko,21.93839835728953,Midfield,Ukrainian Premier League,3,2000000,2028.0,78.1,77.1,0.6,62.2,medium,False,10000000,2025-12-18,2026-06-02,False,4.0,8000000,True,2026-01-01,1-2M
514888,Oliver Sørensen,21.812457221081452,Midfield,Danish Superliga,3,2000000,1692.0,68.3,89.6,0.1,62.1,medium,False,7500000,2025-12-23,2026-05-29,False,2.75,5500000,True,2026-01-01,1-2M
726034,Nazar Voloshyn,20.542094455852155,Attack,Ukrainian Premier League,3,1500000,1723.0,71.1,83.3,2.6,61.7,medium,False,5000000,2025-12-18,2026-06-02,False,2.3333333333333335,3500000,True,2026-01-01,1-2M
622801,Flavio Paoletti,20.958247775496236,Midfield,Super Lig,2,800000,694.0,46.9,95.7,34.9,61.6,medium,False,900000,2024-05-31,2024-05-31,False,0.125,100000,False,2026-01-01,0.5-1M
610428,Oscar Fraulo,20.071184120465436,Midfield,Eredivisie,2,2500000,2098.0,64.7,92.5,0.6,61.6,medium,False,3000000,2025-12-19,2025-12-19,False,0.19999999999999996,500000,False,2026-01-01,2-4M
957544,Kodai Sano,20.268309377138944,Midfield,Eredivisie,2,450000,1591.0,72.2,81.8,2.6,61.6,medium,False,6000000,2025-12-02,2026-05-28,False,12.333333333333334,5550000,True,2026-01-01,<0.5M
699980,Enis Destan,21.54688569472964,Attack,Super Lig,2,2500000,1367.0,75.8,77.1,2.6,61.6,medium,False,2500000,2025-12-03,2026-06-04,False,0.0,0,False,2026-01-01,2-4M
897051,Alan Minda,20.635181382614647,Attack,Pro League,2,2000000,1513.0,72.8,82.2,0.1,61.6,medium,False,3000000,2025-12-10,2026-05-26,False,0.5,1000000,False,2026-01-01,1-2M
565821,Mika Biereth,20.895277207392198,Attack,Scottish Premiership,3,650000,1023.0,68.7,87.5,0.1,61.6,medium,False,22000000,2025-12-15,2026-06-01,False,32.84615384615385,21350000,True,2026-01-01,0.5-1M
710677,Iker Muñoz,21.322381930184804,Midfield,LaLiga,1,4000000,1856.0,61.7,94.7,0.1,60.9,medium,False,2000000,2025-12-12,2026-06-05,False,-0.5,-2000000,False,2026-01-01,2-4M
721470,Patrik Wålemark,22.21492128678987,Midfield,Eredivisie,2,3000000,1248.0,74.9,74.4,0.6,59.9,medium,False,2500000,2025-12-08,2026-06-04,False,-0.16666666666666663,-500000,False,2026-01-01,2-4M
409517,Yorbe Vertessen,22.978781656399725,Attack,Bundesliga,1,4000000,1019.0,76.8,71.2,0.6,59.6,medium,False,6000000,2025-12-22,2026-05-26,False,0.5,2000000,False,2026-01-01,2-4M
552655,Troy Parrott,21.905544147843944,Attack,Eredivisie,2,4000000,1588.0,77.0,69.8,0.6,59.2,medium,False,22000000,2025-12-02,2026-05-28,False,4.5,18000000,True,2026-01-01,2-4M
540333,Tomas Suslov,21.568788501026695,Midfield,Serie A,1,2000000,2097.0,81.8,61.9,2.6,59.0,medium,False,5000000,2025-12-23,2026-05-29,False,1.5,3000000,True,2026-01-01,1-2M
543311,Anosike Ementa,21.66461327857632,Attack,Danish Superliga,3,1000000,1521.0,57.3,93.5,2.6,59.0,medium,False,1500000,2025-12-10,2026-06-04,False,0.5,500000,False,2026-01-01,0.5-1M
740615,Isaac Nuhu,22.253251197809718,Attack,Pro League,2,800000,2288.0,36.3,80.9,70.6,58.8,medium,False,800000,2024-06-04,2024-06-04,False,0.0,0,False,2026-01-01,0.5-1M
607814,Kirill Kravtsov,21.54962354551677,Midfield,Russian Premier Liga,2,1200000,2150.0,41.9,93.6,34.9,58.6,medium,False,1200000,2025-12-16,2026-05-26,False,0.0,0,False,2026-01-01,1-2M
891971,João Marques,21.880903490759753,Attack,Liga Portugal,2,2500000,1973.0,57.9,92.6,0.6,58.6,medium,False,1500000,2025-12-18,2026-05-28,False,-0.4,-1000000,False,2026-01-01,2-4M
667967,Yassine Kechta,21.848049281314168,Midfield,Ligue 1,1,3500000,1860.0,48.8,81.3,40.0,58.4,medium,False,5000000,2025-12-15,2026-06-01,False,0.4285714285714286,1500000,False,2026-01-01,2-4M
857079,Mohamed Belloumi,21.585215605749486,Attack,Liga Portugal,2,1000000,2084.0,60.6,86.9,2.6,58.2,medium,False,4000000,2024-06-06,2024-06-06,False,3.0,3000000,True,2026-01-01,0.5-1M
1061628,Yevgeniy Pastukh,19.786447638603697,Midfield,Ukrainian Premier League,3,400000,2037.0,58.8,88.9,2.6,58.1,medium,False,800000,2025-12-18,2026-06-02,False,1.0,400000,True,2026-01-01,<0.5M
627226,Reinier,21.949349760438057,Midfield,Serie A,1,4000000,1066.0,68.7,77.3,0.3,58.0,medium,False,1500000,2025-12-10,2026-05-26,False,-0.625,-2500000,False,2026-01-01,2-4M
501769,Kirill Shchetinin,21.95482546201232,Midfield,Russian Premier Liga,2,2000000,1691.0,68.7,77.0,0.1,57.9,medium,False,2800000,2025-12-16,2026-05-26,False,0.3999999999999999,800000,False,2026-01-01,1-2M
559324,Youri Regeer,20.372347707049965,Midfield,Eredivisie,2,3000000,1749.0,52.8,97.0,0.6,57.8,medium,False,5000000,2025-12-02,2026-05-28,False,0.6666666666666667,2000000,False,2026-01-01,2-4M
485582,Sontje Hansen,21.623545516769337,Attack,Eredivisie,2,1200000,1927.0,66.4,79.3,0.6,57.8,medium,False,3000000,2024-05-31,2024-05-31,False,1.5,1800000,True,2026-01-01,1-2M
553328,Tochi Chukwuani,20.774811772758383,Midfield,Danish Superliga,3,1200000,1683.0,53.2,96.2,0.6,57.7,medium,False,4000000,2025-12-22,2026-05-20,False,2.3333333333333335,2800000,True,2026-01-01,1-2M
929090,Franculino,19.509924709103355,Attack,Danish Superliga,3,2500000,654.0,73.6,69.4,0.3,57.5,medium,False,22000000,2025-12-15,2026-05-25,False,7.800000000000001,19500000,True,2026-01-01,2-4M
918969,Lamine Camara,20.0,Midfield,Ligue 1,1,4000000,2266.0,63.2,81.4,0.6,57.1,medium,False,30000000,2025-12-15,2026-06-01,False,6.5,26000000,True,2026-01-01,2-4M
501743,Koki Saito,22.392881587953458,Attack,Eredivisie,2,3000000,1670.0,50.4,75.5,40.0,57.1,medium,False,3200000,2025-12-03,2026-05-28,False,0.06666666666666665,200000,False,2026-01-01,2-4M
607226,Loum Tchaouna,20.314852840520192,Attack,Serie A,1,3000000,2100.0,55.9,90.5,0.1,56.9,medium,False,15000000,2025-12-09,2026-06-03,False,4.0,12000000,True,2026-01-01,2-4M
626475,Mykola Mykhaylenko,22.611909650924023,Midfield,Ukrainian Premier League,3,500000,1290.0,64.2,72.8,10.7,56.5,medium,False,2500000,2025-12-18,2026-06-02,False,4.0,2000000,True,2026-01-01,<0.5M
593837,Couhaib Driouech,21.70841889117043,Attack,Eredivisie,2,1300000,1939.0,66.2,75.6,0.6,56.4,medium,False,6000000,2025-12-02,2026-05-28,False,3.615384615384615,4700000,True,2026-01-01,1-2M
569031,Umut Tohumcu,19.38945927446954,Midfield,Bundesliga,1,2000000,1012.0,47.3,98.4,2.6,56.2,medium,False,5000000,2025-12-19,2025-12-19,False,1.5,3000000,True,2026-01-01,1-2M
627205,Griffin Yow,21.267624914442163,Attack,Pro League,2,900000,1513.0,61.7,80.6,0.6,56.1,medium,False,2500000,2025-12-10,2026-06-02,False,1.7777777777777777,1600000,True,2026-01-01,0.5-1M
566271,Yusuf Barası,20.75564681724846,Attack,Super Lig,2,650000,862.0,56.2,86.2,2.6,56.0,medium,False,1200000,2025-12-17,2026-05-21,False,0.8461538461538463,550000,False,2026-01-01,0.5-1M
865281,Jochem Ritmeester van de Kamp,20.164271047227928,Midfield,Eredivisie,2,700000,1906.0,52.1,86.6,10.7,55.9,medium,False,950000,2025-12-02,2026-05-28,False,0.3571428571428572,250000,False,2026-01-01,0.5-1M
652426,Yusuf Özdemir,22.973305954825463,Midfield,Super Lig,2,1800000,2475.0,61.5,79.2,2.6,55.9,medium,False,2800000,2025-10-01,2025-10-01,False,0.5555555555555556,1000000,False,2026-01-01,1-2M
503743,Morgan Rogers,21.43463381245722,Midfield,Premier League,1,2800000,641.0,73.9,64.8,0.0,55.9,medium,False,70000000,2025-12-09,2026-06-03,False,24.0,67200000,True,2026-01-01,2-4M
723487,Mathias Delorge,19.419575633127995,Midfield,Pro League,2,3000000,2663.0,48.4,95.9,2.6,55.9,medium,False,9000000,2025-12-10,2026-06-04,False,2.0,6000000,True,2026-01-01,2-4M
566911,Yassin Oukili,22.99247091033539,Midfield,Eredivisie,2,1300000,2794.0,60.7,79.3,2.6,55.6,medium,False,800000,2025-12-18,2026-05-28,False,-0.3846153846153846,-500000,False,2026-01-01,1-2M
516749,Vladislav Shitov,20.654346338124572,Attack,Russian Premier Liga,2,900000,1389.0,51.7,91.6,0.6,55.4,medium,False,1200000,2024-06-04,2024-06-04,False,0.33333333333333326,300000,False,2026-01-01,0.5-1M
531927,Mads Søndergaard,21.01574264202601,Midfield,Danish Superliga,3,650000,1060.0,43.8,95.6,10.7,55.3,medium,False,1200000,2025-12-15,2026-05-25,False,0.8461538461538463,550000,False,2026-01-01,0.5-1M
654415,Alan Virginius,20.993839835728952,Midfield,Ligue 1,1,3500000,1015.0,57.9,83.1,0.6,55.3,medium,False,2500000,2025-12-29,2026-06-02,False,-0.2857142857142857,-1000000,False,2026-01-01,2-4M
683952,Amadou Keita,22.17659137577002,Midfield,Pro League,2,600000,1361.0,34.7,72.6,70.6,55.1,medium,False,500000,2024-06-04,2024-06-04,False,-0.16666666666666663,-100000,False,2026-01-01,0.5-1M
405686,Reda Khadra,22.494182067077343,Midfield,Ligue 1,1,2000000,1364.0,62.3,71.1,10.7,55.1,medium,False,1800000,2025-12-15,2026-06-01,False,-0.09999999999999998,-200000,False,2026-01-01,1-2M
726019,Oleksandr Yatsyk,20.993839835728952,Midfield,Ukrainian Premier League,3,500000,1619.0,47.6,95.6,0.1,54.9,medium,False,1000000,2025-12-18,2026-06-02,False,1.0,500000,True,2026-01-01,<0.5M
844373,Borys Krushynskyi,21.645448323066393,Midfield,Ukrainian Premier League,3,500000,1373.0,50.5,89.0,5.3,54.9,medium,False,1200000,2025-12-18,2026-06-02,False,1.4,700000,True,2026-01-01,<0.5M
906329,Roger Fernandes,18.11088295687885,Attack,Liga Portugal,2,3500000,672.0,74.2,60.8,0.6,54.8,medium,False,22000000,2025-12-18,2026-06-04,False,5.285714285714286,18500000,True,2026-01-01,2-4M
720038,Pablo Torre,20.747433264887064,Midfield,LaLiga,1,2500000,689.0,56.5,82.9,0.6,54.6,medium,False,5000000,2025-12-12,2026-06-05,False,1.0,2500000,True,2026-01-01,2-4M
743091,Emirhan İlkhan,19.583846680355922,Midfield,Super Lig,2,3500000,1039.0,51.2,83.8,10.7,54.5,medium,False,1500000,2025-12-23,2026-05-29,False,-0.5714285714285714,-2000000,False,2026-01-01,2-4M
700006,Vefa Temel,21.16084873374401,Midfield,Super Lig,2,300000,835.0,42.1,95.2,10.7,54.4,medium,False,300000,2024-05-31,2024-05-31,False,0.0,0,False,2026-01-01,<0.5M
904371,Maksym Kucheryavyi,21.648186173853524,Midfield,Scottish Premiership,3,400000,1521.0,30.4,93.5,40.0,54.4,medium,False,800000,2024-05-30,2024-05-30,False,1.0,400000,True,2026-01-01,<0.5M
880245,Mateus Fernandes,19.477070499657767,Midfield,Liga Portugal,2,3000000,2244.0,44.2,98.3,0.0,54.3,medium,False,32000000,2025-12-09,2026-06-03,False,9.666666666666666,29000000,True,2026-01-01,2-4M
613393,Gaetano Oristanio,21.259411362080765,Midfield,Serie A,1,3500000,1102.0,58.8,73.3,10.7,54.3,medium,False,6000000,2025-12-23,2026-05-29,False,0.7142857142857142,2500000,False,2026-01-01,2-4M
701979,Geny Catamo,22.92950034223135,Attack,Liga Portugal,2,4000000,1684.0,51.7,87.0,2.6,54.2,medium,False,15000000,2025-12-18,2026-05-28,False,2.75,11000000,True,2026-01-01,2-4M
504090,Paulo Bernardo,21.935660506502394,Midfield,Scottish Premiership,3,3000000,878.0,69.7,64.7,0.6,54.1,medium,False,4000000,2025-12-10,2026-05-20,False,0.33333333333333326,1000000,False,2026-01-01,2-4M
639246,Hyeon-gyu Oh,22.72142368240931,Attack,Scottish Premiership,3,1800000,610.0,51.1,88.3,0.6,54.0,medium,False,7000000,2025-12-10,2026-05-21,False,2.888888888888889,5200000,True,2026-01-01,1-2M
654117,Tamerlan Musaev,22.425735797399042,Attack,Russian Premier Liga,2,700000,1571.0,59.0,76.9,2.6,54.0,medium,False,3200000,2025-12-16,2026-05-26,False,3.571428571428571,2500000,True,2026-01-01,0.5-1M
642721,Matías Lacava,21.188227241615333,Attack,Liga Portugal,2,700000,1347.0,27.9,95.1,40.0,53.8,medium,False,700000,2024-06-06,2024-06-06,False,0.0,0,False,2026-01-01,0.5-1M
659518,Félix Lemaréchal,20.40246406570842,Midfield,Pro League,2,1500000,1564.0,43.6,97.0,0.6,53.7,medium,False,10000000,2025-12-15,2026-06-04,False,5.666666666666667,8500000,True,2026-01-01,1-2M
612749,Isaac Price,20.265571526351813,Midfield,Pro League,2,1500000,1654.0,43.5,97.2,0.6,53.7,medium,False,12000000,2025-12-03,2026-05-28,False,7.0,10500000,True,2026-01-01,1-2M
663237,Jacob Ondrejka,21.3305954825462,Attack,Pro League,2,3000000,696.0,67.2,66.5,0.6,53.6,medium,False,8000000,2025-12-23,2026-05-29,False,1.6666666666666665,5000000,True,2026-01-01,2-4M
792380,Aleksandar Pavlovic,19.66324435318275,Midfield,Bundesliga,1,2000000,1229.0,66.0,67.4,0.6,53.4,medium,False,65000000,2025-12-19,2026-05-27,False,31.5,63000000,True,2026-01-01,1-2M
982267,Ibrahim Sulemana,20.61327857631759,Midfield,Serie A,1,3500000,1343.0,42.4,96.5,2.6,53.4,medium,False,6000000,2025-12-23,2026-05-29,False,0.7142857142857142,2500000,False,2026-01-01,2-4M
620560,Ivan Basic,21.672826830937716,Midfield,Russian Premier Liga,2,800000,1762.0,42.5,86.3,20.2,53.4,medium,False,1200000,2025-11-06,2026-06-05,False,0.5,400000,False,2026-01-01,0.5-1M
622461,Sergey Babkin,21.267624914442163,Midfield,Russian Premier Liga,2,1000000,1120.0,47.5,91.1,0.6,53.4,medium,False,1800000,2025-12-16,2026-05-26,False,0.8,800000,False,2026-01-01,0.5-1M
463613,Yann Gboho,22.962354551676935,Attack,Pro League,2,2500000,2591.0,50.2,81.8,10.7,53.4,medium,False,12000000,2025-12-15,2026-06-01,False,3.8,9500000,True,2026-01-01,2-4M
481676,Georgios Liavas,22.882956878850102,Midfield,Super League Greece,3,400000,1734.0,55.7,80.2,0.6,53.3,medium,False,900000,2025-12-18,2026-05-28,False,1.25,500000,True,2026-01-01,<0.5M
582131,Denilho Cleonise,22.064339493497606,Attack,Eredivisie,2,650000,1812.0,31.6,91.8,34.9,53.3,medium,False,400000,2025-12-16,2025-12-16,False,-0.3846153846153846,-250000,False,2026-01-01,0.5-1M
624751,Lyall Cameron,21.22655715263518,Midfield,Scottish Premiership,3,375000,1974.0,51.4,85.2,0.7,53.1,medium,False,1500000,2025-12-10,2026-05-20,False,3.0,1125000,True,2026-01-01,<0.5M
707159,Jarne Steuckers,21.905544147843944,Attack,Pro League,2,2500000,2457.0,47.7,88.9,2.6,53.1,medium,False,10000000,2025-12-10,2026-06-04,False,3.0,7500000,True,2026-01-01,2-4M
430592,Nikoloz Kutateladze,22.78713210130048,Attack,Russian Premier Liga,2,350000,614.0,63.4,58.1,20.2,52.9,medium,False,150000,2025-12-19,2025-12-19,False,-0.5714285714285714,-200000,False,2026-01-01,<0.5M
587588,Camiel Neghli,22.151950718685832,Attack,Eredivisie,2,650000,1350.0,41.9,74.3,40.0,52.9,medium,False,800000,2024-05-31,2024-05-31,False,0.23076923076923084,150000,False,2026-01-01,0.5-1M
793099,Stije Resink,20.5968514715948,Midfield,Eredivisie,2,850000,2582.0,43.4,93.3,2.6,52.7,medium,False,7000000,2025-12-02,2026-05-28,False,7.235294117647058,6150000,True,2026-01-01,0.5-1M
595940,Zico Buurmeester,21.568788501026695,Midfield,Eredivisie,2,700000,1362.0,47.0,89.3,0.6,52.5,medium,False,2500000,2025-12-02,2026-05-28,False,2.5714285714285716,1800000,True,2026-01-01,0.5-1M
659516,Warren Bondo,20.295687885010267,Midfield,Serie A,1,1000000,1471.0,41.9,95.7,0.6,52.5,medium,False,8500000,2025-12-23,2026-05-29,False,7.5,7500000,True,2026-01-01,0.5-1M
616340,Julian Baas,21.711156741957563,Midfield,Eredivisie,2,1300000,2888.0,49.0,80.9,10.7,52.5,medium,False,700000,2025-12-02,2026-05-28,False,-0.46153846153846156,-600000,False,2026-01-01,1-2M
646996,Daniel Phillips,22.951403148528406,Midfield,Scottish Premiership,3,200000,2342.0,33.6,86.7,34.9,52.4,medium,False,225000,2024-05-30,2024-05-30,False,0.125,25000,False,2026-01-01,<0.5M
261780,Artem Shulyanskyi,22.72416153319644,Attack,Ukrainian Premier League,3,400000,1619.0,42.2,88.3,11.9,52.3,medium,False,200000,2025-12-18,2026-06-02,False,-0.5,-200000,False,2026-01-01,<0.5M
679597,Casper Terho,20.522929500342233,Attack,Pro League,2,1800000,982.0,40.9,96.7,0.1,52.3,medium,False,1500000,2025-12-10,2026-05-28,False,-0.16666666666666663,-300000,False,2026-01-01,1-2M
765468,Milan de Haan,20.11498973305955,Midfield,Eredivisie,2,700000,2181.0,43.8,90.4,2.6,51.9,medium,False,450000,2024-05-31,2024-05-31,False,-0.3571428571428571,-250000,False,2026-01-01,0.5-1M
673071,Oscar Vilhelmsson,20.249144421629023,Attack,Bundesliga,1,2000000,1375.0,44.8,70.7,34.9,51.9,medium,False,2000000,2024-05-29,2024-05-29,False,0.0,0,False,2026-01-01,1-2M
697728,Nikita Saltykov,19.38945927446954,Attack,Russian Premier Liga,2,3000000,2339.0,39.9,94.1,4.7,51.8,medium,False,1800000,2025-12-16,2026-05-26,False,-0.4,-1200000,False,2026-01-01,2-4M
660438,Orri Óskarsson,19.340177960301162,Attack,Danish Superliga,3,2000000,968.0,56.2,75.2,0.1,51.6,medium,False,12000000,2025-12-12,2026-06-05,False,5.0,10000000,True,2026-01-01,1-2M
705991,Matisse Samoise,22.11088295687885,Midfield,Pro League,2,3500000,2336.0,61.3,66.8,2.6,51.5,medium,False,2500000,2025-12-10,2026-06-04,False,-0.2857142857142857,-1000000,False,2026-01-01,2-4M
451642,Can Keleş,22.32991101984942,Attack,Super Lig,2,1400000,2273.0,46.6,85.5,2.6,51.4,medium,False,1800000,2025-12-17,2026-05-21,False,0.2857142857142858,400000,False,2026-01-01,1-2M
658531,Mohamed Diomandé,22.171115674195757,Midfield,Danish Superliga,3,3000000,1476.0,55.1,74.3,2.6,51.3,medium,False,7000000,2025-12-10,2026-05-20,False,1.3333333333333335,4000000,True,2026-01-01,2-4M
812755,Denys Pidgurskyi,20.59958932238193,Midfield,Ukrainian Premier League,3,200000,1007.0,34.4,82.3,34.9,51.3,medium,False,500000,2025-12-18,2026-06-02,False,1.5,300000,True,2026-01-01,<0.5M
624920,Béni Makouana,21.259411362080765,Attack,Ukrainian Premier League,3,1200000,1427.0,39.1,94.9,2.6,51.3,medium,False,400000,2025-12-22,2026-05-20,False,-0.6666666666666667,-800000,False,2026-01-01,1-2M
847279,Oumar Diakité,20.032854209445585,Attack,Ligue 1,1,4000000,1587.0,46.3,84.9,2.6,51.1,medium,False,5000000,2025-12-10,2026-06-04,False,0.25,1000000,False,2026-01-01,2-4M
502245,Dion De Neve,22.55441478439425,Midfield,Pro League,2,800000,1923.0,42.4,89.3,2.6,50.9,medium,False,900000,2025-12-03,2025-12-03,False,0.125,100000,False,2026-01-01,0.5-1M
652803,Pierre Dwomoh,19.529089664613277,Midfield,Pro League,2,2000000,2290.0,35.4,98.3,2.6,50.9,medium,False,2500000,2024-06-04,2024-06-04,False,0.25,500000,False,2026-01-01,1-2M
666943,Valentyn Rubchynskyi,21.87542778918549,Midfield,Ukrainian Premier League,3,1200000,2313.0,46.2,83.6,2.6,50.6,medium,False,1000000,2025-12-18,2026-06-02,False,-0.16666666666666663,-200000,False,2026-01-01,1-2M
935047,Kyrylo Sigeev,19.627652292950035,Midfield,Ukrainian Premier League,3,500000,1569.0,23.1,92.0,40.0,50.6,medium,False,150000,2025-12-19,2026-05-18,False,-0.7,-350000,False,2026-01-01,<0.5M
479648,Félix Correia,22.940451745379878,Attack,Liga Portugal,2,1500000,2183.0,48.4,82.0,0.6,50.6,medium,False,10000000,2025-12-15,2026-06-01,False,5.666666666666667,8500000,True,2026-01-01,1-2M
432401,Yutaro Oda,22.38740588637919,Attack,Scottish Premiership,3,400000,867.0,37.5,90.2,10.7,50.6,medium,False,550000,2025-12-15,2025-12-15,False,0.375,150000,False,2026-01-01,<0.5M
718303,Ernest Poku,19.926078028747433,Attack,Eredivisie,2,1300000,655.0,58.6,68.9,0.1,50.5,medium,False,20000000,2025-12-19,2026-05-27,False,14.384615384615385,18700000,True,2026-01-01,1-2M
735701,Ruben van Bommel,19.411362080766597,Attack,Eredivisie,2,3000000,1558.0,45.5,85.0,0.1,50.2,medium,False,12000000,2025-12-02,2026-05-28,False,3.0,9000000,True,2026-01-01,2-4M
731899,Álvaro Zamora,21.815195071868583,Attack,Super League Greece,3,400000,838.0,42.8,67.5,34.9,49.9,medium,False,1300000,2025-12-22,2025-12-22,False,2.25,900000,True,2026-01-01,<0.5M
892221,Hugo Sotelo,20.035592060232716,Midfield,LaLiga,1,1000000,718.0,33.7,97.6,2.6,49.8,medium,False,9000000,2025-12-12,2026-06-05,False,8.0,8000000,True,2026-01-01,0.5-1M
456492,Faride Alidou,22.455852156057496,Attack,Bundesliga,1,1800000,1285.0,36.6,74.2,34.9,49.4,medium,False,1000000,2025-12-16,2025-12-16,False,-0.4444444444444444,-800000,False,2026-01-01,1-2M
840836,Hélio Varela,21.66461327857632,Attack,Liga Portugal,2,700000,2757.0,44.5,82.2,2.6,49.3,medium,False,1200000,2025-12-22,2025-12-22,False,0.7142857142857142,500000,False,2026-01-01,0.5-1M
773961,Oleg Fedor,19.44147843942505,Midfield,Ukrainian Premier League,3,100000,674.0,55.3,69.3,0.1,49.2,medium,False,500000,2025-12-18,2026-06-02,False,4.0,400000,True,2026-01-01,<0.5M
481128,Martin Minchev,22.694045174537987,Midfield,Super Lig,2,1200000,1748.0,52.0,72.0,2.6,49.1,medium,False,1000000,2025-12-08,2026-06-04,False,-0.16666666666666663,-200000,False,2026-01-01,1-2M
666539,Beni Mukendi,21.61533196440794,Midfield,Liga Portugal,2,600000,1473.0,46.6,80.0,0.6,49.1,medium,False,2000000,2025-12-18,2026-05-28,False,2.3333333333333335,1400000,True,2026-01-01,0.5-1M
796726,Renato Júnior,21.574264202600958,Attack,Danish Superliga,3,600000,704.0,22.6,87.8,40.0,48.9,medium,False,1000000,2025-11-28,2025-11-28,False,0.6666666666666667,400000,False,2026-01-01,0.5-1M
851804,Mateo Tanlongo,20.38877481177276,Midfield,Liga Portugal,2,2000000,614.0,29.9,93.6,10.7,48.4,medium,False,2000000,2024-06-06,2024-06-06,False,0.0,0,False,2026-01-01,1-2M
844516,Luis Vázquez,22.688569472963724,Attack,Pro League,2,3000000,671.0,71.3,45.0,2.6,48.4,medium,False,2000000,2025-12-10,2026-06-05,False,-0.33333333333333337,-1000000,False,2026-01-01,2-4M
855308,Arthur Atta,20.9637234770705,Midfield,Ligue 1,1,500000,917.0,60.0,60.3,0.6,48.2,medium,False,15000000,2025-12-23,2026-05-29,False,29.0,14500000,True,2026-01-01,<0.5M
614700,Dara Costelloe,21.05681040383299,Attack,Scottish Premiership,3,325000,1447.0,18.7,71.8,73.1,48.2,medium,False,325000,2024-05-30,2024-05-30,False,0.0,0,False,2026-01-01,<0.5M
880330,Moïse Sahi Dion,22.031485284052017,Attack,Ligue 1,1,2000000,624.0,58.1,62.3,0.6,48.1,medium,False,700000,2025-12-10,2025-12-10,False,-0.65,-1300000,False,2026-01-01,1-2M
1014243,Vivaldo Semedo,18.924024640657084,Attack,Eredivisie,2,500000,636.0,6.4,88.8,70.6,48.1,medium,False,500000,2024-05-31,2024-05-31,False,0.0,0,False,2026-01-01,<0.5M
528451,Tobias Bech,21.864476386036962,Attack,Danish Superliga,3,1200000,1355.0,33.4,92.7,2.6,48.0,medium,False,4000000,2025-12-15,2026-05-25,False,2.3333333333333335,2800000,True,2026-01-01,1-2M
567151,Connor Barron,21.34154688569473,Midfield,Scottish Premiership,3,600000,1607.0,39.3,84.6,2.6,47.8,medium,False,2500000,2025-12-10,2026-05-20,False,3.166666666666667,1900000,True,2026-01-01,0.5-1M
834752,Unai Gómez,20.605065023956193,Midfield,LaLiga,1,1500000,867.0,51.5,70.5,0.0,47.8,medium,False,5000000,2025-12-12,2026-06-05,False,2.3333333333333335,3500000,True,2026-01-01,1-2M
612758,Calvin Twigt,20.919917864476385,Midfield,Eredivisie,2,750000,2048.0,35.4,89.3,2.6,47.7,medium,False,750000,2025-12-02,2025-12-02,False,0.0,0,False,2026-01-01,0.5-1M
623274,Maksim Mukhin,22.157426420260094,Midfield,Russian Premier Liga,2,3000000,858.0,53.4,67.4,0.6,47.7,medium,False,1300000,2025-12-16,2026-05-26,False,-0.5666666666666667,-1700000,False,2026-01-01,2-4M
818240,Hélder Morim,22.633812457221083,Midfield,Liga Portugal,2,250000,650.0,29.0,78.8,34.9,47.6,medium,False,300000,2024-06-06,2024-06-06,False,0.19999999999999996,50000,False,2026-01-01,<0.5M
632088,Cisse Sandra,20.043805612594113,Midfield,Eredivisie,2,1000000,1672.0,35.1,84.2,10.7,47.4,medium,False,1500000,2025-12-10,2026-06-04,False,0.5,500000,False,2026-01-01,0.5-1M
470606,Leighton Clarkson,22.20123203285421,Midfield,Scottish Premiership,3,850000,2304.0,51.2,68.1,2.6,47.4,medium,False,1000000,2024-05-30,2024-05-30,False,0.17647058823529416,150000,False,2026-01-01,0.5-1M
699592,Manu Silva,22.55441478439425,Midfield,Liga Portugal,2,800000,1773.0,35.5,89.3,0.1,47.3,medium,False,10000000,2025-12-18,2026-05-28,False,11.5,9200000,True,2026-01-01,0.5-1M
697716,Serginho,22.921286789869953,Attack,Danish Superliga,3,750000,808.0,19.4,87.1,40.0,47.2,medium,False,3000000,2025-11-28,2025-11-28,False,3.0,2250000,True,2026-01-01,0.5-1M
432092,Roberto Piccoli,22.926762491444215,Attack,Serie A,1,3500000,1399.0,44.7,76.9,0.1,47.1,medium,False,18000000,2025-12-23,2026-05-29,False,4.142857142857143,14500000,True,2026-01-01,2-4M
685145,Filip Bundgaard,19.496235455167692,Attack,Danish Superliga,3,1500000,1266.0,34.5,88.6,2.6,47.1,medium,False,2500000,2025-12-15,2026-05-25,False,0.6666666666666667,1000000,False,2026-01-01,1-2M
697277,Joel Chima Fujita,21.872689938398356,Midfield,Pro League,2,800000,890.0,40.1,59.7,40.0,46.9,medium,False,8000000,2025-12-19,2026-05-27,False,9.0,7200000,True,2026-01-01,0.5-1M
842479,Kenneth Vargas,21.70841889117043,Attack,Scottish Premiership,3,300000,1620.0,37.0,75.0,20.2,46.9,medium,False,750000,2025-12-30,2026-05-29,False,1.5,450000,True,2026-01-01,<0.5M
708241,Oleg Ocheretko,20.605065023956193,Midfield,Ukrainian Premier League,3,600000,1095.0,33.2,90.6,0.1,46.7,medium,False,6000000,2025-12-18,2026-06-02,False,9.0,5400000,True,2026-01-01,0.5-1M
528652,Mathias Kjølø,22.51334702258727,Midfield,Eredivisie,2,2800000,2248.0,29.5,89.5,10.7,46.7,medium,False,1500000,2025-12-02,2026-05-28,False,-0.4642857142857143,-1300000,False,2026-01-01,2-4M
1110406,Ibrahim Osman,19.08829568788501,Attack,Danish Superliga,3,1500000,1314.0,34.3,88.7,0.6,46.6,medium,False,8000000,2025-12-15,2026-05-28,False,4.333333333333333,6500000,True,2026-01-01,1-2M
749552,Alieu Fadera,22.16016427104723,Attack,Pro League,2,3000000,969.0,50.5,66.6,2.6,46.6,medium,False,4500000,2025-12-23,2026-05-29,False,0.5,1500000,False,2026-01-01,2-4M
766412,Théo Le Bris,21.251197809719372,Midfield,Ligue 1,1,2500000,1512.0,39.8,75.5,10.7,46.5,medium,False,2000000,2025-12-15,2026-06-01,False,-0.19999999999999996,-500000,False,2026-01-01,2-4M
455728,Nikita Motpan,22.458590006844627,Midfield,Russian Premier Liga,2,700000,1215.0,34.4,68.8,34.9,46.5,medium,False,400000,2025-12-03,2026-05-25,False,-0.4285714285714286,-300000,False,2026-01-01,0.5-1M
490967,Andri Gudjohnsen,21.921971252566735,Attack,Danish Superliga,3,1500000,1461.0,42.0,77.4,2.6,46.5,medium,False,2000000,2025-12-03,2026-05-28,False,0.33333333333333326,500000,False,2026-01-01,1-2M
734487,Calem Nieuwenhof,22.869267624914443,Midfield,Scottish Premiership,3,450000,1859.0,39.0,75.9,10.7,46.3,medium,False,800000,2025-12-10,2026-05-20,False,0.7777777777777777,350000,False,2026-01-01,<0.5M
1045187,Igor Krasnopir,21.084188911704313,Attack,Ukrainian Premier League,3,300000,2062.0,34.0,88.3,0.6,46.3,medium,False,1000000,2025-12-18,2026-06-02,False,2.3333333333333335,700000,True,2026-01-01,<0.5M
624913,Parfait Guiagon,22.855578370978783,Attack,Pro League,2,1800000,1375.0,46.3,71.0,2.6,46.2,medium,False,4000000,2025-12-10,2026-06-04,False,1.2222222222222223,2200000,True,2026-01-01,1-2M
646108,Louicius Deedson,22.885694729637233,Attack,Danish Superliga,3,700000,1210.0,48.9,68.2,1.2,46.1,medium,False,1200000,2025-12-11,2026-06-02,False,0.7142857142857142,500000,False,2026-01-01,0.5-1M
549027,Martim Neto,20.9637234770705,Midfield,Liga Portugal,2,2500000,1873.0,35.4,84.5,2.6,46.0,medium,False,5000000,2025-12-12,2026-06-05,False,1.0,2500000,True,2026-01-01,2-4M
699418,Jakub Kaluzinski,21.169062286105408,Midfield,Super Lig,2,1000000,2327.0,36.1,84.6,0.6,46.0,medium,False,4000000,2025-12-17,2026-05-21,False,3.0,3000000,True,2026-01-01,0.5-1M
587298,Pelle Mattsson,22.409308692676248,Midfield,Danish Superliga,3,500000,1778.0,31.0,90.1,2.6,46.0,medium,False,3000000,2025-12-03,2025-12-03,False,5.0,2500000,True,2026-01-01,<0.5M
789583,Yaroslav Karabin,21.117043121149898,Attack,Ukrainian Premier League,3,250000,669.0,38.0,81.2,2.6,46.0,medium,False,500000,2025-12-18,2026-06-02,False,1.0,250000,True,2026-01-01,<0.5M
502298,Thomas Van den Keybus,22.68583162217659,Midfield,Pro League,2,1000000,1270.0,46.3,65.4,10.7,45.9,medium,False,800000,2025-12-10,2026-06-04,False,-0.19999999999999996,-200000,False,2026-01-01,0.5-1M
453870,Benedict Hollerbach,22.625598904859686,Attack,Bundesliga,1,1800000,1283.0,46.5,70.6,0.6,45.8,medium,False,10000000,2025-12-19,2026-05-27,False,4.555555555555555,8200000,True,2026-01-01,1-2M
685854,Ruslan Bezrukov,21.782340862423,Midfield,Russian Premier Liga,2,700000,1333.0,44.0,73.7,0.6,45.7,medium,False,1000000,2025-12-16,2026-05-26,False,0.4285714285714286,300000,False,2026-01-01,0.5-1M
615302,Mirko Topić,22.902121834360027,Midfield,Liga Portugal,2,2500000,2350.0,37.0,82.0,0.6,45.5,medium,False,5000000,2025-12-03,2026-05-28,False,1.0,2500000,True,2026-01-01,2-4M
763182,Josué Casimir,22.269678302532512,Attack,Ligue 1,1,2000000,2028.0,35.0,83.5,2.6,45.5,medium,False,3500000,2025-12-15,2026-06-01,False,0.75,1500000,False,2026-01-01,1-2M
924857,Lennon Miller,17.352498288843258,Midfield,Scottish Premiership,3,800000,1359.0,31.0,89.6,0.1,45.3,medium,False,8000000,2025-12-23,2026-05-29,False,9.0,7200000,True,2026-01-01,0.5-1M
481680,Konstantinos Thymianis,22.83915126625599,Midfield,Super League Greece,3,350000,1139.0,54.6,52.9,10.7,45.2,medium,False,500000,2025-12-12,2026-06-04,False,0.4285714285714286,150000,False,2026-01-01,<0.5M
729781,Vladyslav Veleten,21.251197809719372,Attack,Ukrainian Premier League,3,250000,998.0,26.4,94.9,0.6,45.2,medium,False,1000000,2025-12-18,2026-06-02,False,3.0,750000,True,2026-01-01,<0.5M
479641,Jair Tavares,22.88021902806297,Attack,Scottish Premiership,3,350000,1380.0,14.5,87.3,40.0,45.1,medium,False,300000,2025-11-25,2025-11-25,False,-0.1428571428571429,-50000,False,2026-01-01,<0.5M
865682,Ezechiel Banzuzi,18.872005475701574,Midfield,Pro League,2,1000000,1747.0,33.4,85.7,0.1,45.0,medium,False,18000000,2025-12-19,2026-05-27,False,17.0,17000000,True,2026-01-01,0.5-1M
564449,Million Manhoef,21.99315537303217,Attack,Eredivisie,2,3500000,1464.0,26.6,71.5,40.0,45.0,medium,False,3500000,2024-05-24,2024-05-24,False,0.0,0,False,2026-01-01,2-4M
718318,Ibrahim Said,21.54688569472964,Attack,Danish Superliga,3,800000,1333.0,33.6,78.4,10.7,44.7,medium,False,600000,2025-12-10,2026-05-20,False,-0.25,-200000,False,2026-01-01,0.5-1M
727089,Noah Sadiki,19.039014373716633,Midfield,Pro League,2,3000000,1138.0,22.0,98.7,0.1,44.5,medium,False,25000000,2025-12-09,2026-06-03,False,7.333333333333334,22000000,True,2026-01-01,2-4M
742506,Fábio Ronaldo,22.677618069815196,Attack,Liga Portugal,2,1200000,2550.0,33.5,77.9,10.7,44.5,medium,False,1200000,2025-12-08,2026-06-04,False,0.0,0,False,2026-01-01,1-2M
746180,Nikita Krivtsov,21.371663244353183,Midfield,Russian Premier Liga,2,3500000,1658.0,32.9,83.8,0.6,44.3,medium,False,5000000,2025-12-16,2026-05-26,False,0.4285714285714286,1500000,False,2026-01-01,2-4M
412945,Enric Llansana,22.72142368240931,Midfield,Eredivisie,2,500000,1211.0,49.1,62.7,0.6,44.2,medium,False,3500000,2025-12-10,2026-06-04,False,6.0,3000000,True,2026-01-01,<0.5M
654099,Diogo Nascimento,21.163586584531142,Midfield,Liga Portugal,2,700000,2162.0,29.5,88.0,0.6,44.2,medium,False,3500000,2025-12-12,2026-06-04,False,4.0,2800000,True,2026-01-01,0.5-1M
430488,Edgar Sevikyan,22.39835728952772,Attack,Russian Premier Liga,2,1800000,1165.0,27.0,90.1,2.6,44.2,medium,False,1800000,2025-12-16,2026-05-26,False,0.0,0,False,2026-01-01,1-2M
547039,Isaak Davies,22.26694045174538,Attack,Pro League,2,800000,1742.0,46.2,66.6,0.6,44.2,medium,False,1300000,2025-11-26,2026-05-12,False,0.625,500000,False,2026-01-01,0.5-1M
608889,Mathijs Tielemans,21.683778234086244,Midfield,Eredivisie,2,1200000,1677.0,35.1,79.4,2.6,44.1,medium,False,500000,2025-12-02,2026-05-28,False,-0.5833333333333333,-700000,False,2026-01-01,1-2M
658534,Lasso Coulibaly,21.201916495550993,Attack,Danish Superliga,3,900000,1370.0,26.4,90.7,2.6,44.1,medium,False,900000,2025-12-15,2026-06-01,False,0.0,0,False,2026-01-01,0.5-1M
551007,Eli King,21.023956194387406,Midfield,Scottish Premiership,3,300000,754.0,21.0,57.8,70.6,43.8,medium,False,300000,2024-05-30,2024-05-30,False,0.0,0,False,2026-01-01,<0.5M
840149,Matija Frigan,20.8870636550308,Attack,Pro League,2,4000000,1006.0,40.1,73.2,0.1,43.7,medium,False,7500000,2025-12-23,2026-05-29,False,0.875,3500000,False,2026-01-01,2-4M
1163778,Kahveh Zahiroleslam,21.5523613963039,Attack,Pro League,2,400000,1264.0,41.1,65.4,10.7,43.5,medium,False,600000,2025-12-08,2026-06-04,False,0.5,200000,False,2026-01-01,<0.5M
651269,Armin Gigovic,21.738535249828885,Midfield,Danish Superliga,3,2000000,1131.0,42.5,69.0,0.6,43.4,medium,False,2500000,2025-12-29,2026-06-02,False,0.25,500000,False,2026-01-01,1-2M
1099726,Papa Amadou Diallo,19.51813826146475,Attack,Ligue 1,1,250000,890.0,31.4,63.7,34.9,43.4,medium,False,1000000,2024-06-03,2024-06-03,False,3.0,750000,True,2026-01-01,<0.5M
671675,Chris Lokesa,19.148528405201915,Attack,Eredivisie,2,450000,2073.0,24.1,91.2,2.6,43.3,medium,False,375000,2025-12-16,2025-12-16,False,-0.16666666666666663,-75000,False,2026-01-01,<0.5M
858719,Telasco Segovia,20.750171115674195,Midfield,Liga Portugal,2,400000,746.0,26.6,89.1,0.3,43.2,medium,False,4500000,2025-12-11,2026-06-02,False,10.25,4100000,True,2026-01-01,<0.5M
607164,Enzo Cornelisse,21.508555783709788,Midfield,Eredivisie,2,500000,1525.0,11.5,67.8,70.6,43.0,medium,False,375000,2024-05-31,2024-05-31,False,-0.25,-125000,False,2026-01-01,<0.5M
747243,Gyan de Regt,20.372347707049965,Attack,Eredivisie,2,400000,1182.0,15.2,97.0,10.7,42.9,medium,False,650000,2025-12-02,2026-05-28,False,0.625,250000,False,2026-01-01,<0.5M
659521,Edouard Michut,20.829568788501028,Midfield,Super Lig,2,2400000,1732.0,34.1,71.9,10.7,42.7,medium,False,1500000,2025-12-02,2026-05-28,False,-0.375,-900000,False,2026-01-01,2-4M
859396,Metinho,20.692676249144423,Midfield,Eredivisie,2,1200000,1266.0,48.2,59.4,0.1,42.5,medium,False,6000000,2025-12-29,2026-06-02,False,4.0,4800000,True,2026-01-01,1-2M
703475,Malachi Boateng,21.492128678986994,Midfield,Scottish Premiership,3,300000,2025.0,26.8,84.8,2.6,42.3,medium,False,500000,2025-11-26,2025-11-26,False,0.6666666666666667,200000,False,2026-01-01,<0.5M
641576,Tidjany Touré,21.464750171115675,Attack,Liga Portugal,2,350000,1070.0,32.7,72.7,10.7,42.3,medium,False,300000,2025-12-18,2026-05-28,False,-0.1428571428571429,-50000,False,2026-01-01,<0.5M
709969,Ilias Akhomach,19.709787816564,Attack,LaLiga,1,3000000,1511.0,35.5,73.8,2.6,42.3,medium,False,12000000,2025-12-12,2026-06-05,False,3.0,9000000,True,2026-01-01,2-4M
432698,Kornelius Normann,22.65571526351814,Attack,Eredivisie,2,550000,1391.0,40.4,67.0,2.6,42.2,medium,False,600000,2025-12-18,2025-12-18,False,0.09090909090909083,50000,False,2026-01-01,0.5-1M
627750,Filip Stevanovic,21.267624914442163,Attack,Eredivisie,2,1300000,622.0,19.6,75.2,34.9,42.1,medium,False,900000,2024-05-31,2024-05-31,False,-0.3076923076923077,-400000,False,2026-01-01,1-2M
707802,Nachon Nsingi,22.688569472963724,Attack,Pro League,2,800000,1210.0,35.1,69.0,10.7,42.1,medium,False,300000,2025-12-10,2026-06-04,False,-0.625,-500000,False,2026-01-01,0.5-1M
555194,Mathías Tomás,22.91854893908282,Midfield,Super League Greece,3,450000,1193.0,44.4,61.5,2.6,42.0,medium,False,900000,2025-12-23,2025-12-23,False,1.0,450000,True,2026-01-01,<0.5M
782476,Yoann Cathline,21.44558521560575,Attack,Eredivisie,2,1500000,1719.0,38.6,70.1,0.6,42.0,medium,False,7000000,2025-12-02,2026-05-28,False,3.666666666666667,5500000,True,2026-01-01,1-2M
814525,Nikolaos Zouglis,20.13141683778234,Attack,Super League Greece,3,200000,864.0,20.6,87.4,10.7,42.0,medium,False,450000,2025-12-29,2025-12-29,False,1.25,250000,True,2026-01-01,<0.5M
1103981,Nathaniel Opoku,22.444900752908968,Attack,Pro League,2,800000,813.0,13.4,79.9,40.0,42.0,medium,False,800000,2024-06-04,2024-06-04,False,0.0,0,False,2026-01-01,0.5-1M
502074,Sylvester Jasper,22.299794661190965,Attack,Liga Portugal,2,500000,1685.0,26.6,79.5,10.7,41.9,medium,False,1000000,2025-12-11,2026-06-05,False,1.0,500000,True,2026-01-01,<0.5M
666616,Olakunle Olusegun,21.691991786447637,Attack,Russian Premier Liga,2,2000000,1607.0,36.2,71.8,2.6,41.9,medium,False,2500000,2025-12-16,2026-05-26,False,0.25,500000,False,2026-01-01,1-2M
746838,Zach Booth,19.871321013004792,Attack,Eredivisie,2,400000,1554.0,26.1,74.4,20.2,41.8,medium,False,350000,2025-12-02,2026-06-02,False,-0.125,-50000,False,2026-01-01,<0.5M
667903,Youssuf Sylla,21.034907597535934,Attack,Pro League,2,600000,618.0,17.5,95.5,2.6,41.8,medium,False,600000,2025-12-08,2026-06-04,False,0.0,0,False,2026-01-01,0.5-1M
578544,Noah Naujoks,21.66735112936345,Midfield,Eredivisie,2,400000,1046.0,22.9,83.5,10.7,41.7,medium,False,800000,2025-12-02,2026-05-28,False,1.0,400000,True,2026-01-01,<0.5M
752778,Mads Enggård,19.94798083504449,Midfield,Danish Superliga,3,700000,1809.0,15.0,97.7,2.6,41.5,medium,False,2500000,2025-12-15,2026-05-25,False,2.5714285714285716,1800000,True,2026-01-01,0.5-1M
670119,Victor Loturi,22.614647501711158,Midfield,Scottish Premiership,3,350000,1675.0,23.8,76.0,20.2,41.4,medium,False,800000,2025-12-11,2026-06-02,False,1.2857142857142856,450000,True,2026-01-01,<0.5M
364133,Pietro Pellegri,22.792607802874745,Attack,Serie A,1,3500000,748.0,24.3,66.5,34.9,41.2,medium,False,3000000,2024-06-05,2024-06-05,False,-0.1428571428571429,-500000,False,2026-01-01,2-4M
809569,Yegor Gunichev,20.00273785078713,Attack,Ukrainian Premier League,3,300000,960.0,18.2,74.1,34.9,41.1,medium,False,300000,2024-06-06,2024-06-06,False,0.0,0,False,2026-01-01,<0.5M
801886,Isak Jensen,20.024640657084188,Attack,Danish Superliga,3,1200000,1000.0,32.5,74.9,0.1,40.9,medium,False,3500000,2025-12-02,2026-05-28,False,1.9166666666666665,2300000,True,2026-01-01,1-2M
412943,Kenzo Goudmijn,22.036960985626283,Midfield,Eredivisie,2,1300000,1813.0,34.8,70.4,2.6,40.8,medium,False,1500000,2025-12-02,2026-05-28,False,0.15384615384615374,200000,False,2026-01-01,1-2M
1084065,Arielson,19.32101300479124,Attack,Ukrainian Premier League,3,500000,681.0,25.7,60.1,40.0,40.6,medium,False,300000,2025-12-22,2026-06-04,False,-0.4,-200000,False,2026-01-01,<0.5M
608407,Derensili Sanches Fernandes,22.595482546201232,Attack,Eredivisie,2,450000,1294.0,15.5,89.1,10.7,40.3,medium,False,600000,2025-12-02,2026-05-28,False,0.33333333333333326,150000,False,2026-01-01,<0.5M
486053,Nayel Mehssatou,21.724845995893222,Midfield,Pro League,2,1200000,1934.0,26.9,78.8,2.6,40.2,medium,False,2000000,2025-12-10,2026-06-04,False,0.6666666666666667,800000,False,2026-01-01,1-2M
623521,Juanmi Latasa,22.77618069815195,Attack,LaLiga,1,3000000,1553.0,20.3,88.0,0.6,40.1,medium,False,2000000,2025-12-30,2025-12-30,False,-0.33333333333333337,-1000000,False,2026-01-01,2-4M
887142,Ivan Nesterenko,20.4435318275154,Midfield,Ukrainian Premier League,3,500000,1264.0,32.0,66.6,10.7,39.8,medium,False,300000,2025-12-18,2026-06-02,False,-0.4,-200000,False,2026-01-01,<0.5M
695310,Maksym Bragaru,21.44832306639288,Attack,Ukrainian Premier League,3,700000,2565.0,26.7,79.1,0.6,39.8,medium,False,1300000,2025-12-18,2026-06-02,False,0.8571428571428572,600000,False,2026-01-01,0.5-1M
496660,Jack Vale,22.830937713894592,Attack,Scottish Premiership,3,450000,674.0,36.0,47.2,34.9,39.7,medium,False,500000,2024-05-30,2024-05-30,False,0.11111111111111116,50000,False,2026-01-01,<0.5M
692997,Oleksiy Sydorov,22.56810403832991,Attack,Ukrainian Premier League,3,400000,1586.0,27.3,76.5,2.6,39.6,medium,False,200000,2025-12-18,2026-06-02,False,-0.5,-200000,False,2026-01-01,<0.5M
507223,Kristijan Belic,22.770704996577688,Midfield,Eredivisie,2,2500000,932.0,23.4,62.9,34.9,39.5,medium,False,5000000,2024-05-31,2024-05-31,False,1.0,2500000,True,2026-01-01,2-4M
699442,Kacper Urbański,19.315537303216974,Midfield,Serie A,1,1000000,920.0,29.3,73.1,2.6,39.3,medium,False,3500000,2025-12-08,2026-06-04,False,2.5,2500000,True,2026-01-01,0.5-1M
618425,Tanguy Coulibaly,22.86652977412731,Attack,Ligue 1,1,2000000,622.0,25.8,76.9,2.6,39.0,medium,False,1500000,2025-12-17,2026-05-21,False,-0.25,-500000,False,2026-01-01,1-2M
979551,Pathé Mboup,20.202600958247775,Attack,Pro League,2,450000,752.0,39.8,60.3,0.1,39.0,medium,False,3000000,2025-12-15,2026-06-01,False,5.666666666666667,2550000,True,2026-01-01,<0.5M
627936,Casper Winther,20.8870636550308,Midfield,Danish Superliga,3,650000,923.0,20.1,78.6,10.7,38.7,medium,False,1500000,2025-12-18,2025-12-18,False,1.3076923076923075,850000,True,2026-01-01,0.5-1M
727132,Zach Robinson,21.557837097878167,Attack,Scottish Premiership,3,275000,900.0,18.1,63.9,40.0,38.5,medium,False,250000,2025-12-10,2026-05-20,False,-0.09090909090909094,-25000,False,2026-01-01,<0.5M
624266,Ross McCausland,20.640657084188913,Attack,Scottish Premiership,3,1000000,1251.0,17.1,67.8,34.9,38.4,medium,False,900000,2025-12-23,2026-06-02,False,-0.09999999999999998,-100000,False,2026-01-01,0.5-1M
882717,Denys Teslyuk,20.725530458590008,Attack,Ukrainian Premier League,3,500000,760.0,5.4,96.3,10.7,38.3,medium,False,200000,2025-12-18,2026-06-02,False,-0.6,-300000,False,2026-01-01,<0.5M
892049,Marko Sapuga,20.594113620807665,Midfield,Ukrainian Premier League,3,800000,1440.0,22.1,80.2,0.6,38.1,medium,False,300000,2025-12-18,2026-06-02,False,-0.625,-500000,False,2026-01-01,0.5-1M
967948,Garang Kuol,19.293634496919918,Attack,Eredivisie,2,700000,679.0,17.5,86.0,0.6,38.1,medium,False,800000,2025-12-22,2026-05-20,False,0.1428571428571428,100000,False,2026-01-01,0.5-1M
670717,Dário Essugo,18.80082135523614,Midfield,Liga Portugal,2,2000000,1196.0,7.3,98.9,0.0,37.9,medium,False,20000000,2025-12-09,2026-06-03,False,9.0,18000000,True,2026-01-01,1-2M
502288,Bryan Limbombe,22.633812457221083,Attack,Eredivisie,2,700000,1744.0,26.1,68.6,10.7,37.9,medium,False,650000,2025-12-02,2026-05-28,False,-0.0714285714285714,-50000,False,2026-01-01,0.5-1M
711640,Régis N'Do,22.611909650924023,Attack,Liga Portugal,2,350000,986.0,14.4,66.0,40.0,37.6,medium,False,400000,2024-06-06,2024-06-06,False,0.1428571428571428,50000,False,2026-01-01,<0.5M
802726,Charly Nouck,19.78097193702943,Attack,Danish Superliga,3,600000,933.0,7.1,98.0,0.6,37.6,medium,False,1000000,2025-12-15,2026-05-25,False,0.6666666666666667,400000,False,2026-01-01,0.5-1M
805055,Tobias Lauritsen,19.537303216974674,Midfield,Danish Superliga,3,300000,679.0,22.3,69.4,10.7,36.5,medium,False,800000,2025-12-15,2026-05-25,False,1.6666666666666665,500000,True,2026-01-01,<0.5M
875337,Demir Ege Tıknaz,19.37303216974675,Midfield,Super Lig,2,750000,674.0,26.8,69.4,0.0,36.4,medium,False,6000000,2025-12-17,2026-05-28,False,7.0,5250000,True,2026-01-01,0.5-1M
862554,Ronald,22.548939082819988,Attack,Liga Portugal,2,1200000,1327.0,20.3,71.8,10.7,36.4,medium,False,1800000,2024-05-24,2024-05-24,False,0.5,600000,False,2026-01-01,1-2M
853110,Hyun-jun Yang,21.60438056125941,Attack,Scottish Premiership,3,2000000,953.0,26.2,70.1,0.1,36.3,medium,False,2500000,2025-12-10,2026-05-20,False,0.25,500000,False,2026-01-01,1-2M
669000,Habib Keïta,21.90280629705681,Midfield,Ligue 1,1,800000,1274.0,25.4,69.2,2.6,36.2,medium,False,1800000,2025-12-17,2026-05-21,False,1.25,1000000,True,2026-01-01,0.5-1M
551085,Luca Oyen,20.802190280629706,Attack,Pro League,2,3000000,634.0,16.8,81.1,0.6,36.1,medium,False,900000,2025-12-18,2026-05-28,False,-0.7,-2100000,False,2026-01-01,2-4M
892929,Hugo Álvarez,20.501026694045173,Attack,LaLiga,1,300000,763.0,24.7,70.0,2.6,36.1,medium,False,8000000,2025-12-12,2026-06-05,False,25.666666666666668,7700000,True,2026-01-01,<0.5M
514887,Aral Şimşir,21.53593429158111,Attack,Danish Superliga,3,1000000,1283.0,21.0,75.7,0.1,36.0,medium,False,6000000,2025-12-15,2026-05-25,False,5.0,5000000,True,2026-01-01,0.5-1M
655895,Bartuğ Elmaz,20.865160848733744,Midfield,Super Lig,2,800000,735.0,25.7,68.0,2.6,35.9,medium,False,1500000,2025-12-17,2026-05-21,False,0.875,700000,False,2026-01-01,0.5-1M
543529,Aguibou Camara,22.61738535249829,Midfield,Super League Greece,3,2500000,1349.0,21.7,68.6,10.7,35.9,medium,False,2000000,2024-05-30,2024-05-30,False,-0.19999999999999996,-500000,False,2026-01-01,2-4M
919262,André Luiz,21.853524982888434,Attack,Liga Portugal,2,300000,1191.0,30.6,63.2,0.1,35.9,medium,False,4000000,2025-12-18,2026-06-04,False,12.333333333333334,3700000,True,2026-01-01,<0.5M
775981,Arthur Piedfort,18.913073237508556,Midfield,Pro League,2,600000,1475.0,23.5,71.9,0.1,35.8,medium,False,2200000,2025-12-10,2026-06-04,False,2.6666666666666665,1600000,True,2026-01-01,0.5-1M
610429,Christian Rasmussen,20.95003422313484,Attack,Danish Superliga,3,2000000,738.0,4.9,95.7,0.6,35.8,medium,False,1500000,2025-12-16,2025-12-16,False,-0.25,-500000,False,2026-01-01,1-2M
563137,Robert Navarro,21.72210814510609,Attack,LaLiga,1,2000000,1912.0,22.3,73.2,0.1,35.7,medium,False,6000000,2025-12-12,2026-06-05,False,2.0,4000000,True,2026-01-01,1-2M
565431,Nils De Wilde,20.928131416837783,Midfield,Pro League,2,800000,717.0,25.4,67.6,2.6,35.6,medium,False,300000,2025-12-10,2026-06-04,False,-0.625,-500000,False,2026-01-01,0.5-1M
667965,Oussama Targhalline,21.61806981519507,Midfield,Ligue 1,1,800000,1032.0,5.2,93.6,2.6,35.6,medium,False,8000000,2025-12-02,2026-05-28,False,9.0,7200000,True,2026-01-01,0.5-1M
623524,Carlos Dotor,22.798083504449007,Midfield,LaLiga,1,2500000,703.0,1.3,59.4,70.6,35.5,medium,False,2000000,2024-06-07,2024-06-07,False,-0.19999999999999996,-500000,False,2026-01-01,2-4M
562030,Musa Juwara,22.015058179329227,Attack,Danish Superliga,3,500000,649.0,36.6,53.0,2.6,35.5,medium,False,1200000,2025-12-08,2026-06-04,False,1.4,700000,True,2026-01-01,<0.5M
572519,Ar'jany Martha,20.32580424366872,Attack,Eredivisie,2,1500000,701.0,6.2,69.1,40.0,35.0,medium,False,1200000,2024-05-31,2024-05-31,False,-0.19999999999999996,-300000,False,2026-01-01,1-2M
505674,Sergio Camello,22.888432580424368,Attack,LaLiga,1,4000000,1646.0,34.5,48.9,10.7,34.8,medium,False,2000000,2025-12-12,2026-06-05,False,-0.5,-2000000,False,2026-01-01,2-4M
1141628,Yunus Konak,17.973990417522245,Midfield,Super Lig,2,1800000,1330.0,22.5,70.0,0.6,34.7,medium,False,4500000,2025-12-09,2026-05-28,False,1.5,2700000,True,2026-01-01,1-2M
694355,Lewis Jamieson,21.70841889117043,Attack,Scottish Premiership,3,150000,650.0,4.5,87.3,10.7,34.7,medium,False,175000,2025-11-25,2025-11-25,False,0.16666666666666674,25000,False,2026-01-01,<0.5M
1016015,Ngal'ayel Mukau,19.159479808350444,Midfield,Pro League,2,600000,1154.0,6.8,88.6,2.6,34.6,medium,False,12000000,2025-12-15,2026-06-01,False,19.0,11400000,True,2026-01-01,0.5-1M
581140,Joelson Fernandes,20.840520191649556,Attack,Super Lig,2,2200000,1399.0,20.2,72.0,0.6,34.4,medium,False,1500000,2025-12-18,2026-05-28,False,-0.31818181818181823,-700000,False,2026-01-01,2-4M
620477,Kaio Jorge,21.935660506502394,Attack,Serie A,1,3000000,805.0,38.6,48.4,0.1,34.3,medium,False,22000000,2025-12-10,2026-05-26,False,6.333333333333333,19000000,True,2026-01-01,2-4M
726016,Denys Shostak,20.93634496919918,Midfield,Ukrainian Premier League,3,300000,838.0,20.9,69.3,2.6,34.2,medium,False,400000,2025-12-18,2026-06-02,False,0.33333333333333326,100000,False,2026-01-01,<0.5M
481688,Sotiris Alexandropoulos,22.09719370294319,Midfield,Super League Greece,3,3000000,669.0,0.7,76.6,34.9,34.1,medium,False,2000000,2025-12-16,2026-06-01,False,-0.33333333333333337,-1000000,False,2026-01-01,2-4M
929494,Chukwubuikem Ikwuemesi,22.406570841889117,Attack,Serie A,1,1800000,1058.0,17.9,68.4,10.7,34.1,medium,False,1500000,2025-12-10,2026-06-04,False,-0.16666666666666663,-300000,False,2026-01-01,1-2M
678546,Mexx Meerdink,20.44079397672827,Attack,Eredivisie,2,1000000,619.0,0.2,96.9,0.1,34.0,medium,False,10000000,2025-12-02,2026-05-28,False,9.0,9000000,True,2026-01-01,0.5-1M
455661,Nick Woltemade,21.87816563997262,Attack,Bundesliga,1,2000000,1184.0,17.8,73.1,0.0,33.6,medium,False,70000000,2025-12-09,2026-06-03,False,34.0,68000000,True,2026-01-01,1-2M
674809,Josh Mulligan,21.136208076659823,Midfield,Scottish Premiership,3,350000,657.0,22.8,65.9,0.7,33.5,medium,False,1200000,2025-12-10,2026-05-20,False,2.4285714285714284,850000,True,2026-01-01,<0.5M
496873,Xander Blomme,21.530458590006845,Midfield,Eredivisie,2,300000,713.0,1.4,86.4,10.7,33.0,medium,False,300000,2025-12-02,2025-12-02,False,0.0,0,False,2026-01-01,<0.5M
540064,Panagiotis Tzimas,22.806297056810404,Attack,Super League Greece,3,500000,1082.0,17.8,65.1,10.7,32.9,medium,False,450000,2024-05-30,2024-05-30,False,-0.09999999999999998,-50000,False,2026-01-01,<0.5M
817700,Igor Dmitriev,19.43874058863792,Attack,Russian Premier Liga,2,400000,1181.0,14.2,75.4,0.1,32.8,medium,False,3000000,2025-12-16,2026-05-26,False,6.5,2600000,True,2026-01-01,<0.5M
919620,Joseph Nduquidi,19.184120465434635,Midfield,Ligue 1,1,700000,749.0,1.9,70.9,34.9,32.7,medium,False,800000,2024-06-03,2024-06-03,False,0.1428571428571428,100000,False,2026-01-01,0.5-1M
646894,Sergey Pryakhin,21.04312114989733,Midfield,Russian Premier Liga,2,350000,714.0,24.6,60.5,0.6,32.4,medium,False,800000,2025-12-16,2026-05-26,False,1.2857142857142856,450000,True,2026-01-01,<0.5M
901801,Michalis Panagidis,19.887748117727583,Attack,Super League Greece,3,300000,627.0,0.5,68.4,40.0,32.2,medium,False,350000,2025-12-12,2026-06-04,False,0.16666666666666674,50000,False,2026-01-01,<0.5M
659705,Paulo Victor,22.781656399726216,Attack,Liga Portugal,2,500000,812.0,15.5,52.2,34.9,32.2,medium,False,400000,2024-06-06,2024-06-06,False,-0.19999999999999996,-100000,False,2026-01-01,<0.5M
911328,Mohamed Kaba,22.17932922655715,Midfield,Serie A,1,3500000,1383.0,9.8,73.0,10.7,32.1,medium,False,1500000,2025-12-23,2026-06-01,False,-0.5714285714285714,-2000000,False,2026-01-01,2-4M
617267,Henrique Araújo,21.949349760438057,Attack,Liga Portugal,2,3500000,674.0,6.6,76.3,10.7,31.8,medium,False,2000000,2025-12-18,2026-05-28,False,-0.4285714285714286,-1500000,False,2026-01-01,2-4M
651735,Magnus Knudsen,22.546201232032853,Midfield,Danish Superliga,3,1500000,1276.0,20.4,64.1,0.1,31.6,medium,False,2500000,2025-12-16,2026-05-25,False,0.6666666666666667,1000000,False,2026-01-01,1-2M
588020,Ömer Beyaz,20.34223134839151,Midfield,Super Lig,2,800000,1383.0,9.8,71.7,10.7,31.6,medium,False,400000,2025-12-17,2025-12-17,False,-0.5,-400000,False,2026-01-01,0.5-1M
774067,Igor Gorbach,19.59753593429158,Attack,Ukrainian Premier League,3,500000,838.0,12.0,72.8,2.6,31.4,medium,False,400000,2025-12-18,2026-06-02,False,-0.19999999999999996,-100000,False,2026-01-01,<0.5M
652332,Óscar Aranda,21.675564681724847,Attack,Liga Portugal,2,500000,712.0,6.7,60.7,34.9,31.2,medium,False,4000000,2025-12-18,2026-05-28,False,7.0,3500000,True,2026-01-01,<0.5M
540516,Dan MacKay,22.699520876112253,Attack,Scottish Premiership,3,300000,897.0,11.6,52.4,37.8,31.1,medium,False,300000,2024-05-30,2024-05-30,False,0.0,0,False,2026-01-01,<0.5M
1119447,Christopher Bonsu Baah,19.04722792607803,Attack,Pro League,2,4000000,1190.0,14.6,69.2,0.6,30.9,medium,False,10000000,2025-12-18,2026-06-04,False,1.5,6000000,True,2026-01-01,2-4M
1028162,Antoine Joujou,20.80766598220397,Attack,Ligue 1,1,800000,772.0,20.9,59.5,2.6,30.7,medium,False,2000000,2025-12-18,2026-05-28,False,1.5,1200000,True,2026-01-01,0.5-1M
967981,Jean Claude,20.04928131416838,Midfield,Ukrainian Premier League,3,300000,603.0,0.0,57.6,50.0,30.2,medium,False,400000,2024-06-06,2024-06-06,False,0.33333333333333326,100000,False,2026-01-01,<0.5M
817676,Geovani,22.63107460643395,Attack,Ukrainian Premier League,3,250000,686.0,5.0,55.7,40.0,29.7,medium,False,450000,2025-12-16,2025-12-16,False,0.8,200000,False,2026-01-01,<0.5M
621397,Nikita Ermakov,20.95003422313484,Midfield,Russian Premier Liga,2,600000,631.0,0.3,82.0,2.6,29.4,medium,False,500000,2025-12-16,2026-05-26,False,-0.16666666666666663,-100000,False,2026-01-01,0.5-1M
852024,Bénie Traoré,21.086926762491444,Attack,Ligue 1,1,4000000,884.0,9.2,70.7,2.6,29.4,medium,False,8000000,2025-12-29,2026-06-02,False,1.0,4000000,True,2026-01-01,2-4M
625047,Beñat Prados,22.89390828199863,Midfield,LaLiga,1,3000000,1450.0,10.5,69.8,0.0,29.2,medium,False,18000000,2025-12-12,2026-06-05,False,5.0,15000000,True,2026-01-01,2-4M
570466,Mateusz Legowski,20.922655715263517,Midfield,Serie A,1,3000000,1132.0,6.4,73.4,2.6,29.1,medium,False,2200000,2025-12-17,2026-05-21,False,-0.2666666666666667,-800000,False,2026-01-01,2-4M
1115074,Mollo Bessala,20.227241615331966,Attack,Ukrainian Premier League,3,300000,731.0,2.3,60.0,34.9,29.0,medium,False,275000,2025-12-01,2025-12-01,False,-0.08333333333333337,-25000,False,2026-01-01,<0.5M
905184,Andreas Tetteh,22.60369609856263,Attack,Super League Greece,3,400000,1301.0,11.7,64.1,0.6,27.8,medium,False,2000000,2025-12-12,2026-06-04,False,4.0,1600000,True,2026-01-01,<0.5M
1082823,Newerton,18.579055441478438,Attack,Ukrainian Premier League,3,3000000,668.0,12.6,60.4,2.6,27.3,medium,False,6000000,2025-12-18,2026-06-02,False,1.0,3000000,True,2026-01-01,2-4M
432403,Rihito Yamamoto,22.053388090349078,Midfield,Pro League,2,600000,719.0,1.6,50.8,40.0,26.5,medium,False,3000000,2025-12-10,2026-06-04,False,4.0,2400000,True,2026-01-01,0.5-1M
593774,Anouar El Azzouzi,22.5927446954141,Midfield,Eredivisie,2,400000,1315.0,8.7,62.4,0.6,25.9,medium,False,650000,2024-05-31,2024-05-31,False,0.625,250000,False,2026-01-01,<0.5M
701937,Yaroslav Mikhailov,20.67898699520876,Midfield,Russian Premier Liga,2,700000,917.0,3.8,62.7,10.7,25.8,medium,False,800000,2025-12-16,2026-05-26,False,0.1428571428571428,100000,False,2026-01-01,0.5-1M
746739,Andre Brooks,20.366872005475702,Midfield,Premier League,1,2500000,942.0,4.2,62.1,10.7,25.8,medium,False,2500000,2024-05-27,2024-05-27,False,0.0,0,False,2026-01-01,2-4M
569457,Tim Breithaupt,21.897330595482547,Midfield,Bundesliga,1,3500000,626.0,0.3,52.9,34.9,25.6,medium,False,2000000,2025-12-16,2025-12-16,False,-0.4285714285714286,-1500000,False,2026-01-01,2-4M
486043,Thibo Baeten,21.57700205338809,Attack,Eredivisie,2,600000,897.0,14.0,54.3,0.6,25.4,medium,False,350000,2025-12-02,2026-05-28,False,-0.41666666666666663,-250000,False,2026-01-01,0.5-1M
874066,Oliver Arblaster,19.980835044490075,Midfield,Premier League,1,450000,946.0,4.3,62.9,2.6,24.5,medium,False,450000,2024-05-27,2024-05-27,False,0.0,0,False,2026-01-01,<0.5M
717411,Yegor Yarmolyuk,19.835728952772072,Midfield,Premier League,1,2500000,674.0,0.8,68.8,0.0,24.4,medium,False,25000000,2025-12-09,2026-06-03,False,9.0,22500000,True,2026-01-01,2-4M
551752,Demba Seck,22.888432580424368,Attack,Serie A,1,2700000,719.0,2.1,66.3,0.6,24.3,medium,False,1200000,2025-12-11,2026-06-05,False,-0.5555555555555556,-1500000,False,2026-01-01,2-4M
829434,Facundo Cáseres,22.595482546201232,Midfield,Liga Portugal,2,700000,1111.0,6.1,59.7,2.6,24.2,medium,False,2000000,2025-12-18,2026-05-28,False,1.8571428571428572,1300000,True,2026-01-01,0.5-1M
837432,Umarali Rakhmonaliev,20.372347707049965,Midfield,Russian Premier Liga,2,600000,619.0,0.2,67.2,1.2,23.8,medium,False,600000,2024-06-04,2024-06-04,False,0.0,0,False,2026-01-01,0.5-1M
618083,Sem Scheperman,21.522245037645447,Midfield,Eredivisie,2,250000,694.0,1.2,65.3,0.6,23.5,medium,False,700000,2025-12-02,2026-05-28,False,1.7999999999999998,450000,True,2026-01-01,<0.5M
957224,Nectarios Triantis,20.643394934976044,Midfield,Scottish Premiership,3,300000,620.0,0.2,66.8,0.3,23.5,medium,False,2500000,2025-12-11,2026-06-02,False,7.333333333333334,2200000,True,2026-01-01,<0.5M
609556,William Osula,20.410677618069816,Attack,Premier League,1,3000000,784.0,3.1,60.6,0.6,22.7,medium,False,15000000,2025-12-09,2026-06-03,False,4.0,12000000,True,2026-01-01,2-4M
649035,Youssouph Badji,22.031485284052017,Attack,Pro League,2,1000000,933.0,5.1,57.2,0.6,22.4,medium,False,900000,2025-12-15,2026-06-04,False,-0.09999999999999998,-100000,False,2026-01-01,0.5-1M
644613,Sadik Fofana,20.629705681040384,Midfield,Eredivisie,2,600000,629.0,0.3,51.9,0.6,18.4,medium,False,600000,2025-12-22,2026-05-29,False,0.0,0,False,2026-01-01,0.5-1M
